채 상병 특검에 의료 개혁 주도권까지... '민생 + 尹 실정 견제' 거야의 투트랙 전략 시동,https://v.daum.net/v/20240415163008864
채 상병 특검에 의료 개혁 주도권까지... '민생 + 尹 실정 견제' 거야의 투트랙 전략 시동,https://v.daum.net/v/20240415163008864
채 상병 특검에 의료 개혁 주도권까지... '민생 + 尹 실정 견제' 거야의 투트랙 전략 시동,https://v.daum.net/v/20240415163008864
채 상병 특검에 의료 개혁 주도권까지... '민생 + 尹 실정 견제' 거야의 투트랙 전략 시동,https://v.daum.net/v/20240415163008864
채 상병 특검에 의료 개혁 주도권까지... '민생 + 尹 실정 견제' 거야의 투트랙 전략 시동,https://v.daum.net/v/20240415163008864
채 상병 특검에 의료 개혁 주도권까지... '민생 + 尹 실정 견제' 거야의 투트랙 전략 시동,https://v.daum.net/v/20240415163008864
채 상병 특검에 의료 개혁 주도권까지... '민생 + 尹 실정 견제' 거야의 투트랙 전략 시동,https://v.daum.net/v/20240415163008864
채 상병 특검에 의료 개혁 주도권까지... '민생 + 尹 실정 견제' 거야의 투트랙 전략 시동,https://v.daum.net/v/20240415163008864
채 상병 특검에 의료 개혁 주도권까지... '민생 + 尹 실정 견제' 거야의 투트랙 전략 시동,https://v.daum.net/v/20240415163008864
채 상병 특검에 의료 개혁 주도권까지... '민생 + 尹 실정 견제' 거야의 투트랙 전략 시동,https://v.daum.net/v/20240415163008864
채 상병 특검에 의료 개혁 주도권까지... '민생 + 尹 실정 견제' 거야의 투트랙 전략 시동,https://v.daum.net/v/20240415163008864
채 상병 특검에 의료 개혁 주도권까지... '민생 + 尹 실정 견제' 거야의 투트랙 전략 시동,https://v.daum.net/v/20240415163008864
채 상병 특검에 의료 개혁 주도권까지... '민생 + 尹 실정 견제' 거야의 투트랙 전략 시동,https://v.daum.net/v/20240415163008864
채 상병 특검에 의료 개혁 주도권까지... '민생 + 尹 실정 견제' 거야의 투트랙 전략 시동,https://v.daum.net/v/20240415163008864
채 상병 특검에 의료 개혁 주도권까지... '민생 + 尹 실정 견제' 거야의 투트랙 전략 시동,https://v.daum.net/v/20240415163008864
채 상병 특검에 의료 개혁 주도권까지... '민생 + 尹 실정 견제' 거야의 투트랙 전략 시동,https://v.daum.net/v/20240415163008864
채 상병 특검에 의료 개혁 주도권까지... '민생 + 尹 실정 견제' 거야의 투트랙 전략 시동,https://v.daum.net/v/20240415163008864
채 상병 특검에 의료 개혁 주도권까지... '민생 + 尹 실정 견제' 거야의 투트랙 전략 시동,https://v.daum.net/v/20240415163008864
채 상병 특검에 의료 개혁 주도권까지... '민생 + 尹 실정 견제' 거야의 투트랙 전략 시동,https://v.daum.net/v/20240415163008864
채 상병 특검에 의료 개혁 주도권까지... '민생 + 尹 실정 견제' 거야의 투트랙 전략 시동,https://v.daum.net/v/20240415163008864
